,ell_over_L,t_turb_over_t_relax,t_turb_over_t_relax_std
1,0.000396825586,1.180747315481075,0.03482097510706815
2,0.000793651172,1.207056964635465,0.03560927192859839
3,0.00119047676,1.2328961496184823,0.03211833197970277
4,0.00158730234,1.2515739441571048,0.030416240897182062
5,0.00198412793,1.2704524479386685,0.03454682713373244
6,0.00238095352,1.2819240257868214,0.031427739221113714
7,0.0027777791,1.293553571562175,0.03088888229756375
8,0.00317460469,1.3026749873447816,0.03165594280602323
9,0.00357143027,1.3085655180436917,0.03136288355230497
10,0.00396825586,1.3129632599674412,0.03098148671708127
11,0.00436508145,1.318845492577444,0.03207076737154399
12,0.00476190703,1.322938414695026,0.031004885752642385
13,0.00515873262,1.3256624286442382,0.031753164591027
14,0.0055555582,1.3295690875556574,0.03143279920413923
15,0.00595238379,1.3319876948600249,0.0320718196649977
16,0.00634920938,1.33428631103931,0.032267816846609
17,0.00674603496,1.3358340609840247,0.032502471514835214
18,0.00714286055,1.3373852864088853,0.03263940579364965
19,0.00753968613,1.3382989846773319,0.032322926238863105
20,0.00793651172,1.3388733776569104,0.032857292358420755
21,0.00833333731,1.339292532940247,0.032497021297464325
22,0.00873016289,1.339124744301892,0.03218469720480176
23,0.00912698848,1.3391730465170466,0.032413022955017204
24,0.00952381407,1.3388398065243527,0.03298664291482397
25,0.00992063965,1.3385427003381203,0.03313815881655455
26,0.0103174652,1.3375820440894386,0.03287236350444074
27,0.0107142908,1.3372035846023893,0.033215211713456864
28,0.0111111164,1.3362694188796023,0.03287997011411123
29,0.011507942,1.3354064145378886,0.033134454456421346
30,0.0119047676,1.3343406807841844,0.03308569287831045
31,0.0123015932,1.332943040794618,0.0336021055945548
32,0.0126984188,1.3317378068547785,0.033578532383967935
33,0.0130952443,1.3304519650453637,0.033817400441369466
34,0.0134920699,1.328547933777538,0.033572354737581384
35,0.0138888955,1.3271220074370804,0.03398609409620623
36,0.0142857211,1.3252498103928312,0.034319133544136994
37,0.0146825467,1.3240512311572203,0.034283926565207797
38,0.0150793723,1.3217042889628932,0.03434757513120052
39,0.0154761979,1.3202339457251444,0.03447077734572228
40,0.0158730234,1.3184454849798093,0.03463796927998309
41,0.016269849,1.3164464343995175,0.034980889698372146
42,0.0166666746,1.3144148928250696,0.034963620965960694
43,0.0170635002,1.3126532191423974,0.0350868680569186
44,0.0174603258,1.3106124344474215,0.035158045572810846
45,0.0178571514,1.308282708606541,0.03528425554366095
46,0.018253977,1.3060762708515652,0.035382794652786716
47,0.0186508025,1.3039856134311922,0.03563159039062077
48,0.0190476281,1.3018589467921675,0.0359476967786278
49,0.0194444537,1.2996799729641366,0.03576841098272724
50,0.0198412793,1.2974040177823887,0.03585258279351358
51,0.0202381049,1.2952623016327656,0.03611508737945745
52,0.0206349305,1.2929705178668611,0.03616273399456304
53,0.0210317561,1.290838959563261,0.036162380936903646
54,0.0214285816,1.288379843632393,0.036210472824528106
55,0.0218254072,1.2862230279179283,0.03633582663371965
56,0.0222222328,1.2838183812316732,0.036525588090201073
57,0.0226190584,1.281428781878949,0.03671233445151192
58,0.023015884,1.2790083521088285,0.03660689486925773
59,0.0234127096,1.2767437330865539,0.03666458172906288
60,0.0238095352,1.2742640783902077,0.0369444919176098
61,0.0242063607,1.2718247815119637,0.03702686904083106
62,0.0246031863,1.2694474962122178,0.03713773505261546
63,0.0250000119,1.2671457613177137,0.036888887887258505
64,0.0253968375,1.2648604578129805,0.03719394404698706
65,0.0257936631,1.2625129279194065,0.03722709996392034
66,0.0261904887,1.260153363180309,0.03749128721897087
67,0.0265873143,1.2578163059433043,0.03758467974642194
68,0.0269841399,1.2552513647098271,0.03747879024806585
69,0.0273809654,1.252757190861272,0.037770730008812814
70,0.027777791,1.2503373684842058,0.037623569499212806
71,0.0281746166,1.2480748789494944,0.03790028340992279
72,0.0285714422,1.2455158583559705,0.03794405697667034
73,0.0289682678,1.2431630421332815,0.03806090110130223
74,0.0293650934,1.240734567629082,0.03823174288190681
75,0.029761919,1.2383798592232462,0.03834675296013397
76,0.0301587445,1.2360317625315649,0.038366591333516296
77,0.0305555701,1.2336460223077177,0.03839068555317001
78,0.0309523957,1.2312363209624224,0.038497758970128186
79,0.0313492213,1.228812514923014,0.038431297835758466
80,0.0317460469,1.2266080797410306,0.03858871736704989
81,0.0321428725,1.2239700556306252,0.038663054894239095
82,0.0325396981,1.2216570765655748,0.038710496209716054
83,0.0329365236,1.2192838967978297,0.038832621820869336
84,0.0333333492,1.2169315763533928,0.038900940952528947
85,0.0337301748,1.2146312618796533,0.03896649772669582
86,0.0341270004,1.2122291978906876,0.03910177226799262
87,0.034523826,1.2099481206487723,0.03910844639542927
88,0.0349206516,1.207654495894401,0.039232083180270626
89,0.0353174772,1.2053244071646192,0.03915831202657938
90,0.0357143027,1.203079461857144,0.03919944542033704
91,0.0361111283,1.200742648426379,0.03925981960770789
92,0.0365079539,1.19849079227933,0.0393054678425235
93,0.0369047795,1.196177157861203,0.039413075346627885
94,0.0373016051,1.1939154533410932,0.03943912178271036
95,0.0376984307,1.1915942248267548,0.03956405149899971
96,0.0380952563,1.1893514998426933,0.03963784568939949
97,0.0384920818,1.1872320101015257,0.03976239565017227
98,0.0388889074,1.1848092570510895,0.03975339212028588
99,0.039285733,1.1827066601688776,0.03983881258111126
100,0.0396825586,1.1806560361316785,0.039857359493563026
101,0.0400793842,1.1783040414535506,0.03992832228684604
102,0.0404762098,1.1760358422959007,0.03993568175229974
103,0.0408730354,1.1738269122019207,0.04000330834143716
104,0.0412698609,1.1717081611819284,0.040012422188246514
105,0.0416666865,1.1695610109179788,0.04007637372809969
106,0.0420635121,1.1673222117494597,0.04010929893206558
107,0.0424603377,1.1651271848224771,0.040137843698930066
108,0.0428571633,1.1630057209256126,0.040228552033130784
109,0.0432539889,1.1609275861484116,0.04020631345473587
110,0.0436508145,1.1588135189419018,0.040286403100451694
111,0.0440476401,1.1567012837686454,0.04035632169016398
112,0.0444444656,1.1546205830281755,0.0403570102775611
113,0.0448412912,1.1525444994849303,0.040409413686138325
114,0.0452381168,1.1504943244321095,0.04042800817804981
115,0.0456349424,1.148427692495443,0.040518025003480194
116,0.046031768,1.1463136973305774,0.04049789843227235
117,0.0464285936,1.1442433150578348,0.040541884997715584
118,0.0468254192,1.1422128922468375,0.040651550122678445
119,0.0472222447,1.1401129415166613,0.04064130847685809
120,0.0476190703,1.1381374771589294,0.04066847731615641
121,0.0480158959,1.1360643293030008,0.04071204709343957
122,0.0484127215,1.1341928737527756,0.040690231741899695
123,0.0488095471,1.132154764396703,0.040786371465364735
124,0.0492063727,1.1301573989277984,0.04080186354994902
125,0.0496031983,1.1281476400519759,0.040750062885583
126,0.0500000238,1.1262301840913211,0.0408725516883901
127,0.0503968494,1.124256027386473,0.04087334930611151
128,0.050793675,1.1223635500294729,0.040860075481970286
129,0.0511905006,1.120503063271588,0.04085420537045883
130,0.0515873262,1.1185277698066294,0.04095153199506304
131,0.0519841518,1.116662512902716,0.040948175736752
132,0.0523809774,1.114686071240063,0.04095235694270476
133,0.0527778029,1.1127737968407823,0.040970523701913286
134,0.0531746285,1.1109475346170143,0.04100317290356449
135,0.0535714541,1.1091064179201822,0.04099620519833403
136,0.0539682797,1.1071908973258238,0.040983941192035585
137,0.0543651053,1.1053575029902143,0.041051574777237525
138,0.0547619309,1.103562477315484,0.0410507528508802
139,0.0551587565,1.1017066340600528,0.04107801334274069
140,0.055555582,1.0999147056247724,0.04106435125670448
141,0.0559524076,1.0981247623364367,0.04114205279501381
142,0.0563492332,1.0962356857829862,0.041145412812993984
143,0.0567460588,1.0945188095426543,0.04107303741225536
144,0.0571428844,1.0926900397165127,0.04117521116879911
145,0.05753971,1.0909264274561572,0.04114718740813987
146,0.0579365356,1.0890538405026506,0.04117177833252586
147,0.0583333611,1.0873053000171682,0.04121787808345636
148,0.0587301867,1.085607150860357,0.04120690295175531
149,0.0591270123,1.0838965942372203,0.04121019441648322
150,0.0595238379,1.082148179013037,0.04127671817123777
151,0.0599206635,1.0803981925865707,0.04128294301878156
152,0.0603174891,1.0786894970560006,0.0412070250888524
153,0.0607143147,1.0770285080152773,0.04126396877167348
154,0.0611111403,1.0752795154280943,0.04129583455916618
155,0.0615079658,1.0736476146061857,0.041253662449877486
156,0.0619047914,1.0719667058076572,0.041282677760422964
157,0.062301617,1.0703195288540444,0.04129378277714277
158,0.0626984426,1.068693050951112,0.041238234266482064
159,0.0630952682,1.066979347842962,0.04125490668263544
160,0.0634920938,1.0653882240502501,0.04130287356346628
161,0.0638889194,1.063713828680871,0.041270540012695756
162,0.0642857449,1.0621171208954123,0.04126695054019293
163,0.0646825705,1.0604775985203445,0.0412849933988181
164,0.0650793961,1.0588660525386289,0.041334330740198634
165,0.0654762217,1.0572656709558148,0.04129255382525156
166,0.0658730473,1.0556431374039972,0.04128571016500967
167,0.0662698729,1.0540598002298591,0.04134466734092518
168,0.0666666985,1.0524994196319102,0.04126815222745786
169,0.067063524,1.0509065731173683,0.041313182167272755
170,0.0674603496,1.0492803170395772,0.04130010894023099
171,0.0678571752,1.0477640465236444,0.04134653624428838
172,0.0682540008,1.0462179709800337,0.04134755595910956
173,0.0686508264,1.0446476607824218,0.0412860567951155
174,0.069047652,1.0431048184997176,0.04131251511372925
175,0.0694444776,1.0415490730843764,0.0413422905565119
176,0.0698413031,1.040077408479327,0.041355235003342344
177,0.0702381287,1.0385343465284116,0.0413041655796289
178,0.0706349543,1.0370461903982036,0.04131747018904218
179,0.0710317799,1.0355983843885754,0.041292194414800504
180,0.0714286055,1.0340648114820479,0.04132167551264117
181,0.0718254311,1.0326073146694639,0.041286612252885574
182,0.0722222567,1.0311387489930153,0.0413246145079059
183,0.0726190822,1.0296756041907527,0.041316915138622255
184,0.0730159078,1.0282461167889276,0.04131610543767112
185,0.0734127334,1.02679704772513,0.04128603749407477
186,0.073809559,1.0253297078109742,0.04132177705650971
187,0.0742063846,1.0239155045627704,0.04130402863476019
188,0.0746032102,1.0225057612356714,0.04131385324648515
189,0.0750000358,1.021116226282457,0.04127065535358546
190,0.0753968613,1.0196695060887857,0.041307832662273385
191,0.0757936869,1.0182623888276638,0.041322584047215484
192,0.0761905125,1.0168586454948145,0.04130566166647325
193,0.0765873381,1.0154593334054367,0.041269921874243096
194,0.0769841637,1.0140696711627677,0.041296857013666526
195,0.0773809893,1.0126680860162327,0.041333970823753875
196,0.0777778149,1.0112919300681453,0.04130621669923244
197,0.0781746405,1.0099737456512008,0.041267769049953246
198,0.078571466,1.0085746557195165,0.041268266784268356
199,0.0789682916,1.007190563058651,0.041262095966308435
200,0.0793651172,1.0059458859198163,0.0413042371726323
201,0.0797619428,1.0045496125913314,0.041277911594027175
202,0.0801587684,1.0032055375708782,0.04123989396609456
203,0.080555594,1.0019611286863752,0.04127802365901044
204,0.0809524196,1.000584610226108,0.041221562665504176
205,0.0813492451,0.9992656775486549,0.041232912975319135
206,0.0817460707,0.9980336916076334,0.04121013826199009
207,0.0821428963,0.9966811761597654,0.041207384583925685
208,0.0825397219,0.9954239212038872,0.04116191277236143
209,0.0829365475,0.9942098294222472,0.04117318333913815
210,0.0833333731,0.992796397367433,0.04118033256699431
211,0.0837301987,0.9916080644366773,0.04115684725680165
212,0.0841270242,0.990356008543697,0.041094272850715104
213,0.0845238498,0.989054119754332,0.0411318372233896
214,0.0849206754,0.9878397718698281,0.04112297779905918
215,0.085317501,0.9865808355170747,0.041151945293028784
216,0.0857143266,0.9853349797468947,0.04110941242269994
217,0.0861111522,0.9840625248474262,0.04111279565373573
218,0.0865079778,0.9828595000014201,0.0411408227269321
219,0.0869048033,0.9815622811501152,0.04106612698924513
220,0.0873016289,0.9804017368425493,0.04107025150884031
221,0.0876984545,0.9791636077544487,0.041084768690449934
222,0.0880952801,0.9779513164734814,0.04102480886762273
223,0.0884921057,0.9767578871404093,0.04103326531247823
224,0.0888889313,0.9756261369347654,0.04105730099631877
225,0.0892857569,0.974375392013142,0.04100006687656219
226,0.0896825824,0.9732712446350743,0.04099934655644547
227,0.090079408,0.9720555053346867,0.040981652160316795
228,0.0904762336,0.9709384070426073,0.04094159757278506
229,0.0908730592,0.969743411522597,0.04091295141197764
230,0.0912698848,0.9685604860206467,0.0408871625115131
231,0.0916667104,0.9674305538314343,0.040903671379686916
232,0.092063536,0.966322477590706,0.04089138466254465
233,0.0924603615,0.9651667394170956,0.04082630582614909
234,0.0928571871,0.9640051407166159,0.040872487239322894
235,0.0932540127,0.9629147550530274,0.04087105970039193
236,0.0936508383,0.9618074951729343,0.04084207358199203
237,0.0940476639,0.960620680263496,0.04079059188325949
238,0.0944444895,0.9595969771346332,0.04082105097260408
239,0.0948413151,0.9584326162871148,0.04080449677659646
240,0.0952381407,0.9573129528663572,0.040764446320618715
241,0.0956349662,0.9561943320424786,0.04078616305723467
242,0.0960317918,0.9551246047871589,0.040735727700102045
243,0.0964286174,0.9540371387178489,0.04074779424692676
244,0.096825443,0.9529919804210547,0.04072262026648923
245,0.0972222686,0.9518521168421821,0.04072476765481561
246,0.0976190942,0.9508528290544765,0.040674726836955465
247,0.0980159198,0.9497487899393735,0.040629894037822765
248,0.0984127453,0.9487063017702568,0.04059394437891048
249,0.0988095709,0.947562283298783,0.04064797556043934
250,0.0992063965,0.9465131409162162,0.04059437995382156
251,0.0996032221,0.9455054413175435,0.04056471483065626
252,0.100000048,0.9444159523768542,0.04059125566349252
253,0.100396873,0.9433814579271457,0.040546499984127245
254,0.100793699,0.942323542358131,0.04059845101577224
255,0.101190524,0.9413016749427509,0.04054266166493763
256,0.10158735,0.9402821172224324,0.040512854189784384
257,0.101984176,0.9392218318514436,0.04053991959048057
258,0.102381001,0.9381929041369489,0.040503906174029665
259,0.102777827,0.9371402414138376,0.04045416090972344
260,0.103174652,0.9361329729817571,0.040463942569806705
261,0.103571478,0.9351033278597122,0.04043438758433391
262,0.103968304,0.9340970995390848,0.040387569051442
263,0.104365129,0.9331053332574075,0.04044622493096295
264,0.104761955,0.9320942742503439,0.040417552371120935
265,0.10515878,0.9311267495854191,0.04037049792497198
266,0.105555606,0.9301863403346963,0.04038104637497387
267,0.105952431,0.9292778124841806,0.04034404313565988
268,0.106349257,0.9283175868336279,0.04031897967033411
269,0.106746083,0.9273006487456333,0.04026280817312548
270,0.107142908,0.9263910368696537,0.04027833579963027
271,0.107539734,0.9254248792872111,0.040249858751141995
272,0.107936559,0.9245000564648357,0.04025784981246301
273,0.108333385,0.9235084883703091,0.040204899572752445
274,0.108730211,0.9225447132695603,0.040221353683325356
275,0.109127036,0.9216392242361829,0.04017608135416324
276,0.109523862,0.9206809503055619,0.04018501903779759
277,0.109920687,0.9197741941674151,0.04015437875634071
278,0.110317513,0.918875718213373,0.04010139413116492
279,0.110714339,0.9179161564757542,0.040131515555611424
280,0.111111164,0.9169693006348574,0.04009326271403407
281,0.11150799,0.9161010582042451,0.040093762577453965
282,0.111904815,0.9151259167032852,0.04006503180714887
283,0.112301641,0.9141882081542735,0.040029928126058836
284,0.112698466,0.913328504222193,0.04003939298679078
285,0.113095292,0.912410543564277,0.04001478578512134
286,0.113492118,0.9115014916374136,0.04003388644362118
287,0.113888943,0.9106223239086069,0.03993234232849104
288,0.114285769,0.9097148331330827,0.0399244815392843
289,0.114682594,0.9089120245156928,0.03997947054777199
290,0.11507942,0.9080130538809432,0.0399536252188021
291,0.115476246,0.9071937040255708,0.03993854979783877
292,0.115873071,0.9063349801257025,0.039864469692180694
293,0.116269897,0.9054803873465536,0.039878231202476716
294,0.116666722,0.9045868884735816,0.03982570698778003
295,0.117063548,0.9038397776411258,0.03981420395215599
296,0.117460373,0.902928102185693,0.03983111726739962
297,0.117857199,0.9021332842191687,0.03979531865743465
298,0.118254025,0.901280253241116,0.0397632263017381
299,0.11865085,0.9004676917807894,0.03982715749269194
300,0.119047676,0.8996475628402869,0.03975331086683641
301,0.119444501,0.8987320492137698,0.039715950586938636
302,0.119841327,0.8979191563591237,0.0397172183445047
303,0.120238153,0.8971298346402106,0.039680441282617475
304,0.120634978,0.8963046014111525,0.03963905815971711
305,0.121031804,0.8954496264748208,0.03965652109825895
306,0.121428629,0.8946327167133642,0.03964932643688721
307,0.121825455,0.8938237690727581,0.03961964945168175
308,0.122222281,0.8930070729056876,0.03964550255655314
309,0.122619106,0.8921421739619586,0.03959311042787536
310,0.123015932,0.8914089699983416,0.03959927567589409
311,0.123412757,0.8905479662510108,0.03954607083499696
312,0.123809583,0.8897699982533501,0.039548704008285925
313,0.124206408,0.8890494517895873,0.03952189111622248
314,0.124603234,0.8882909547288776,0.03948055657308985
315,0.12500006,0.8875112889872222,0.03951372019093948
316,0.125396885,0.886753841774465,0.039442788340893396
317,0.125793711,0.8859625618660537,0.0394574816717316
318,0.126190536,0.8852527613913469,0.03940673482833071
319,0.126587362,0.8844761083959753,0.03939046837343927
320,0.126984188,0.8837200040004539,0.03940772722374514
321,0.127381013,0.8829914826916775,0.03932805038459163
322,0.127777839,0.882237402244423,0.03934675602380272
323,0.128174664,0.8814666549749561,0.03935887242316384
324,0.12857149,0.8807015027301397,0.03932720221681731
325,0.128968315,0.8799619003369623,0.0392756729644594
326,0.129365141,0.8791991474170072,0.039249291978160954
327,0.129761967,0.8784158191625461,0.03930248041506323
328,0.130158792,0.877698224005965,0.03925182346520069
329,0.130555618,0.876964879652281,0.039245214902636466
330,0.130952443,0.8762405315882197,0.03921836697533378
331,0.131349269,0.875509300538903,0.03921200252523728
332,0.131746095,0.8747361081836807,0.03921152876730931
333,0.13214292,0.8740131851272467,0.03919689357241007
334,0.132539746,0.8732350845459406,0.0391769816932716
335,0.132936571,0.8725472200413431,0.03918195514764562
336,0.133333397,0.8718249313448797,0.03915502895580572
337,0.133730222,0.87115788192615,0.03915551954600636
338,0.134127048,0.8704864254888511,0.039089752726298894
339,0.134523874,0.869774109480064,0.03910532786156054
340,0.134920699,0.8691161889784454,0.03905605140652779
341,0.135317525,0.8684356607157333,0.03906809694489757
342,0.13571435,0.8677505514984369,0.03900392278366422
343,0.136111176,0.8670653602161439,0.03903012645877252
344,0.136508002,0.8663332148082732,0.03901933996495999
345,0.136904827,0.8656819152777888,0.03901699443884436
346,0.137301653,0.865039618229022,0.03898522765361652
347,0.137698478,0.8643485560927897,0.03897948544927069
348,0.138095304,0.8636690413081942,0.03899445110773782
349,0.13849213,0.8629756303273695,0.03895175992397072
350,0.138888955,0.8622966074009588,0.0389474360951005
351,0.139285781,0.8616365350579679,0.03892290267781882
352,0.139682606,0.8609041726077272,0.03891250957554575
353,0.140079432,0.8602279693508376,0.038876279160071074
354,0.140476257,0.8595730765474987,0.038907650197463686
355,0.140873083,0.8588957183282867,0.03886922424456733
356,0.141269909,0.8582051711477422,0.03886024381980229
357,0.141666734,0.8575752287392902,0.0388637202937941
358,0.14206356,0.8568581354435484,0.03883817572265407
359,0.142460385,0.8562277994220184,0.03882954879549573
360,0.142857211,0.8555383651510188,0.0388037667250879
361,0.143254037,0.8549343127520393,0.03879322859246198
362,0.143650862,0.8543341003340769,0.03879602070950781
363,0.144047688,0.8536560744615703,0.038768533576713
364,0.144444513,0.8530590922283178,0.038752860740410865
365,0.144841339,0.8523923557540994,0.038774893411155045
366,0.145238164,0.8517506224113123,0.03874482401910888
367,0.14563499,0.851147963229974,0.03872128646157117
368,0.146031816,0.8505673207801769,0.03873198921943906
369,0.146428641,0.8498983187636036,0.03870029396906478
370,0.146825467,0.849303977538051,0.038689887398627776
371,0.147222292,0.8487157269008129,0.038686484660086236
372,0.147619118,0.8480431356610008,0.03869588852212454
373,0.148015944,0.8474303232196329,0.03866716206589368
374,0.148412769,0.8468306960388277,0.0386401829435617
375,0.148809595,0.8462181686769945,0.038659753258349173
376,0.14920642,0.8456085811106417,0.03863738740966099
377,0.149603246,0.8450232570214671,0.03858541594256577
378,0.150000072,0.8444291651128115,0.03857764800095463
379,0.150396897,0.8438283594541723,0.038599502371113315
380,0.150793723,0.8432842866301641,0.03856729337067111
381,0.151190548,0.8426232462085124,0.03856863455733986
382,0.151587374,0.8420446130536461,0.038547716753199915
383,0.151984199,0.8415171242499581,0.03852925119704234
384,0.152381025,0.8409149033436722,0.03853671644232291
385,0.152777851,0.8403152499005024,0.038522393922035464
386,0.153174676,0.8397123200206322,0.038495521957919776
387,0.153571502,0.8391643477688673,0.03847249239771436
388,0.153968327,0.8385346151114985,0.03848594141942283
389,0.154365153,0.8380104039520834,0.03844594144426832
390,0.154761979,0.8373903345343886,0.03848048707731961
391,0.155158804,0.836841382604925,0.038480786790979354
392,0.15555563,0.8362685872491841,0.038458766896455915
393,0.155952455,0.8357339050756257,0.03843957492827648
394,0.156349281,0.8351155600440482,0.03843546602027666
395,0.156746106,0.8345847300895308,0.0383960051603379
396,0.157142932,0.8340261715622075,0.03838895938451843
397,0.157539758,0.8334757088724966,0.038416371484391476
398,0.157936583,0.8329352752709326,0.03841236371957591
399,0.158333409,0.8323804303555737,0.03838546126478815
400,0.158730234,0.8318406957418395,0.0383881227015356
401,0.15912706,0.831290756172164,0.03838253613713006
402,0.159523886,0.8307270640740987,0.03835800784443883
403,0.159920711,0.8302035156234605,0.038355837044661285
404,0.160317537,0.8296211504472573,0.03833593752837254
405,0.160714362,0.8291297021169043,0.038332246623932545
406,0.161111188,0.8285858454530743,0.03831005745424128
407,0.161508014,0.828076204451447,0.038321707355381936
408,0.161904839,0.8274948155403484,0.03830572539571473
409,0.162301665,0.8269803949505294,0.038268240717070565
410,0.16269849,0.8265057342133777,0.0382641753499401
411,0.163095316,0.8259850316247994,0.03830508396626352
412,0.163492141,0.8254160029343721,0.03831065051857609
413,0.163888967,0.8249151446030394,0.03826568009420628
414,0.164285793,0.8243683475820818,0.038255580774225195
415,0.164682618,0.8238501569612784,0.03825411045523498
416,0.165079444,0.8233406735337438,0.03821534756992157
417,0.165476269,0.8228373567173536,0.038229133411886745
418,0.165873095,0.8223304006934353,0.03824183646440245
419,0.166269921,0.8217885166578294,0.03820945387683698
420,0.166666746,0.8213041668451848,0.0382321811581978
421,0.167063572,0.8207790726499086,0.03821488306329813
422,0.167460397,0.8202664272612786,0.03821114919347253
423,0.167857223,0.8198023677293208,0.0382055219659785
424,0.168254048,0.8193103934156957,0.0381788201502707
425,0.168650874,0.8187924252318278,0.03815958380121048
426,0.1690477,0.8183035133957007,0.038164305202095274
427,0.169444525,0.8178735666638315,0.038153037820542364
428,0.169841351,0.8174102996035048,0.03813152149829695
429,0.170238176,0.8168816358569703,0.038137556030302326
430,0.170635002,0.8164010845259966,0.03814223994131224
431,0.171031828,0.8159063306649695,0.03812722236569629
432,0.171428653,0.8154335941239113,0.03813738222029441
433,0.171825479,0.8149686306957841,0.03812893421097083
434,0.172222304,0.8144869021517837,0.03811280790950804
435,0.17261913,0.8139888005353553,0.038117918094727685
436,0.173015956,0.8135522082991845,0.03812300576030337
437,0.173412781,0.813052927794275,0.03807430500695343
438,0.173809607,0.8126053854579985,0.03807934048225
439,0.174206432,0.8121496517564074,0.03809508437868922
440,0.174603258,0.811683183420747,0.03808896188251375
441,0.175000083,0.8112185972299115,0.0380720720260351
442,0.175396909,0.8107383573891936,0.038048398853092046
443,0.175793735,0.8102900616509211,0.038029880011472145
444,0.17619056,0.8098638887205957,0.03806578895669722
445,0.176587386,0.8093702865313622,0.0380337266251538
446,0.176984211,0.8089485182854476,0.03803505703957278
447,0.177381037,0.8084916762627454,0.0380385713023944
448,0.177777863,0.8080025516581371,0.03801712880221926
449,0.178174688,0.8075524263583257,0.037999033074818854
450,0.178571514,0.8070961513542271,0.03802164142535363
451,0.178968339,0.8066737871822648,0.0380212599254183
452,0.179365165,0.8061674638989134,0.03802593206565958
453,0.17976199,0.8057810604460914,0.0380079274941556
454,0.180158816,0.8053336065155243,0.037992681629138186
455,0.180555642,0.804897288711213,0.03797477459314154
456,0.180952467,0.8045111111867349,0.03799984518521625
457,0.181349293,0.8040508900990524,0.03801568212755983
458,0.181746118,0.8036187827471224,0.03798567342166136
459,0.182142944,0.8031876489202563,0.03802143932523156
460,0.18253977,0.8027364266767418,0.03796333996528181
461,0.182936595,0.8023035959475494,0.03798971746239664
462,0.183333421,0.8018701038991677,0.03799273450559061
463,0.183730246,0.8014973415085236,0.037970607680296246
464,0.184127072,0.8010625430072296,0.03798780804828539
465,0.184523898,0.8006113077549334,0.0379687573162746
466,0.184920723,0.8001980435108336,0.03796079306851085
467,0.185317549,0.7997823306219268,0.03796608834462374
468,0.185714374,0.7993563282853852,0.03798140216469679
469,0.1861112,0.7989416019368659,0.037945442709446185
470,0.186508025,0.7985226756226932,0.0379763491809729
471,0.186904851,0.7981075022439402,0.03795577700865477
472,0.187301677,0.7977051952263816,0.03795942314432046
473,0.187698502,0.7973279614205349,0.037954975138647234
474,0.188095328,0.7969128229191831,0.03795520783313407
475,0.188492153,0.7965215248786437,0.03797147908394527
476,0.188888979,0.7961714887930735,0.03793408517428735
477,0.189285805,0.7957305334832889,0.03791012300588035
478,0.18968263,0.795342397427125,0.03796380977592698
479,0.190079456,0.794948344878643,0.03794633921906207
480,0.190476281,0.7945859602429514,0.03793412785819356
481,0.190873107,0.7942248350521008,0.03792919486337668
482,0.191269932,0.7938535194934274,0.03792302201403815
483,0.191666758,0.7933989309445983,0.03791201118564403
484,0.192063584,0.7930579428844898,0.03792772790968019
485,0.192460409,0.7926592838379164,0.037924405096853506
486,0.192857235,0.7922378102564128,0.037911301649808
487,0.19325406,0.7919035057074361,0.0379228187965808
488,0.193650886,0.7915297018820194,0.03792546114499133
489,0.194047712,0.7910899176254899,0.03790200934339079
490,0.194444537,0.7907697284784065,0.03790734925211223
491,0.194841363,0.7903551125609084,0.037892547051710315
492,0.195238188,0.7900000308036441,0.03789838619988463
493,0.195635014,0.7896197457989551,0.037883361785769225
494,0.19603184,0.7892254416384553,0.037921898644517824
495,0.196428665,0.7888464245960509,0.03789860865532027
496,0.196825491,0.7884177258862473,0.03789873025230932
497,0.197222316,0.7880996344220355,0.037887348347212274
498,0.197619142,0.7877285155930817,0.03789235970872919
499,0.198015967,0.7873754471746979,0.03788996845623596
500,0.198412793,0.7869483201978307,0.037875061302259
501,0.198809619,0.7865838793390344,0.037884943534108186
502,0.199206444,0.7862411521538235,0.037886689550610024
503,0.19960327,0.7858483532568796,0.037896250308491856
504,0.200000095,0.7855274495122735,0.03788836947270764
505,0.200396921,0.785107969368086,0.037898406761200924
506,0.200793747,0.7848298273285732,0.03787129637004029
507,0.201190572,0.784464195696385,0.03788193921610678
508,0.201587398,0.7841029641946623,0.03789237651722052
509,0.201984223,0.7837732926540448,0.037877437930458994
510,0.202381049,0.7833845553653748,0.037864342798640024
511,0.202777874,0.7830554064069282,0.03785990692340839
512,0.2031747,0.7827139223975406,0.03785732358669263
513,0.203571526,0.7823800150074456,0.037858532251242284
514,0.203968351,0.7819858532878263,0.037855215223407145
515,0.204365177,0.7816831985554037,0.03786381937732463
516,0.204762002,0.7813228702825855,0.03785831480381797
517,0.205158828,0.780967023703113,0.037875171687072905
518,0.205555654,0.7806101731234084,0.0378787098282997
519,0.205952479,0.7802818822928641,0.03786280712020053
520,0.206349305,0.7799642073723402,0.0378579699115212
521,0.20674613,0.779656944785451,0.03784045577310111
522,0.207142956,0.7792794130687103,0.03785335320212806
523,0.207539782,0.778929261201725,0.03790495229779248
524,0.207936607,0.7786047520083192,0.03786110439576373
525,0.208333433,0.778266208202296,0.037881039151779136
526,0.208730258,0.7779465744048014,0.03786295536327133
527,0.209127084,0.7776337241267764,0.037868913882392004
528,0.209523909,0.7773024495621892,0.03784354135485703
529,0.209920735,0.7769943750713592,0.037870034533970136
530,0.210317561,0.7766939887393264,0.03785088191259189
531,0.210714386,0.7763383400408365,0.037837942734427095
532,0.211111212,0.7760151882494484,0.037834182196676676
533,0.211508037,0.7757293936642888,0.03784595260473341
534,0.211904863,0.775399253455782,0.03784973208840347
535,0.212301689,0.7750993114185714,0.03786178199758764
536,0.212698514,0.7748219865033996,0.03784491755866946
537,0.21309534,0.7744816162727258,0.037842276232479016
538,0.213492165,0.7741919291752514,0.03784059708092407
539,0.213888991,0.7738771395200941,0.03784714912321456
540,0.214285816,0.773528411147052,0.03784754413400454
541,0.214682642,0.7732688748729901,0.037859890466827584
542,0.215079468,0.7729820517670871,0.03785164207879892
543,0.215476293,0.7726345124881475,0.03787825888228953
544,0.215873119,0.7723770523645767,0.03782065985197052
545,0.216269944,0.77202804775212,0.037847032384916664
546,0.21666677,0.7717396238425311,0.03783113779477128
547,0.217063596,0.7713889110201437,0.03785039190163507
548,0.217460421,0.771113064746196,0.03783555920000612
549,0.217857247,0.7708626612200489,0.03783482137311853
550,0.218254072,0.7705220482713451,0.037869177482183526
551,0.218650898,0.7702140522279421,0.037849029866083225
552,0.219047723,0.7699497289160336,0.03782588102157216
553,0.219444549,0.7696516439529449,0.037831878624678746
554,0.219841375,0.7693647977058472,0.03786992580436989
555,0.2202382,0.7690811587867494,0.037864491799842456
556,0.220635026,0.7687819865464036,0.03784069165181285
557,0.221031851,0.7685013949029323,0.037838934199799036
558,0.221428677,0.768234565794925,0.03782250538680552
559,0.221825503,0.767935987839845,0.0378381960018882
560,0.222222328,0.7676498081222181,0.03783261616265418
561,0.222619154,0.7673710543637934,0.03784862255203373
562,0.223015979,0.7670771845076918,0.0378565514200432
563,0.223412805,0.7667996424276842,0.03785001413231585
564,0.223809631,0.7665464776353655,0.03783332044544288
565,0.224206456,0.7662342425429317,0.03783174379043121
566,0.224603282,0.765950291423785,0.03786058606773275
567,0.225000107,0.7656926294881051,0.03785408284011483
568,0.225396933,0.7654037029606181,0.03783902535218295
569,0.225793758,0.7651684091752379,0.03784357086002284
570,0.226190584,0.7648373524755163,0.03784567729433294
571,0.22658741,0.7645784710475593,0.03785087551628965
572,0.226984235,0.7642827325698489,0.037846424457156566
573,0.227381061,0.764045039565483,0.037843752243249984
574,0.227777886,0.7637731431717043,0.03785068060027044
575,0.228174712,0.7634855882261076,0.03786018819520738
576,0.228571538,0.7632098042092976,0.0378660382419243
577,0.228968363,0.7629026464756501,0.037844410505399835
578,0.229365189,0.7626171345286803,0.03789933313118194
579,0.229762014,0.762369793468646,0.037845979305772944
580,0.23015884,0.7621827301493198,0.037873387719484945
581,0.230555665,0.7618879710012164,0.03788200612243612
582,0.230952491,0.7615856049530525,0.037819442111481576
583,0.231349317,0.7613512106356847,0.037844960916875385
584,0.231746142,0.7610775987731463,0.0378461213551071
585,0.232142968,0.7607943334036588,0.03784979974140041
586,0.232539793,0.7605408052639294,0.0378632372262947
587,0.232936619,0.7602969447891746,0.03785816909210966
588,0.233333445,0.760051602933973,0.0378517650653824
589,0.23373027,0.759796329012466,0.037887710707295144
590,0.234127096,0.7595205459576547,0.03787274973586341
591,0.234523921,0.7592534073697101,0.0378782197043952
592,0.234920747,0.7589770930290576,0.03785664729020722
593,0.235317573,0.7587102764104338,0.03784652800660552
594,0.235714398,0.7584604719648196,0.03786379723074664
595,0.236111224,0.7581998509838378,0.03783896805477653
596,0.236508049,0.7579115515318587,0.03789223405038738
597,0.236904875,0.7576900109200667,0.03785611480734015
598,0.2373017,0.7574013583303008,0.037866328001145796
599,0.237698526,0.757138420330515,0.037870582416248084
600,0.238095352,0.7568824292930425,0.037858043757201434
601,0.238492177,0.7566171057483079,0.03788608598402958
602,0.238889003,0.7563191356788147,0.037872369303803964
603,0.239285828,0.7560221952475331,0.03790286512122015
604,0.239682654,0.7557413887195501,0.037869528635748606
605,0.24007948,0.7555331416368328,0.03789827632519063
606,0.240476305,0.7552254762324451,0.03790976592076473
607,0.240873131,0.7549795853110122,0.03790428827947235
608,0.241269956,0.7547325179141604,0.037902103568413094
609,0.241666782,0.7544886388442098,0.037925818312180726
610,0.242063607,0.7542480305507268,0.0378903038777042
611,0.242460433,0.7539887220194106,0.03793308717422769
612,0.242857259,0.7537728103483924,0.03791444555652959
613,0.243254084,0.7535306847494717,0.037908573137499395
614,0.24365091,0.7532917170532166,0.03790909978086181
615,0.244047735,0.7530235870572857,0.0379262101115738
616,0.244444561,0.7527708343861409,0.037922085092130756
617,0.244841387,0.7525636261230227,0.03791686390775907
618,0.245238212,0.7523371752723171,0.03792720482937922
619,0.245635038,0.7520878396548498,0.03792238591654139
620,0.246031863,0.7518503317068567,0.03791347123499346
621,0.246428689,0.7516283078303896,0.03791348150130999
622,0.246825515,0.7513330111426694,0.037910247736193864
623,0.24722234,0.7510983123072483,0.03793940844845115
624,0.247619166,0.7509124960836475,0.037927278833397665
625,0.248015991,0.7506723578712493,0.037919508747007794
626,0.248412817,0.7504833937490345,0.03794077341032692
627,0.248809642,0.7502174882365672,0.03793098906353175
628,0.249206468,0.7500376024940694,0.03792199923971389
629,0.249603294,0.749748718288673,0.0379414011436414
630,0.250000119,0.7495345624042822,0.037943145331380046
631,0.250396945,0.7492966188626918,0.037954797539658386
632,0.25079377,0.7490991111931555,0.03794065925271875
633,0.251190596,0.748858434300695,0.03796089838195714
634,0.251587422,0.7486380580796759,0.037978263232999174
635,0.251984247,0.7484620296826723,0.0379753189002864
636,0.252381073,0.7482090130464796,0.03797296650485441
637,0.252777898,0.7479866364550443,0.03796043470042799
638,0.253174724,0.7477879788361325,0.03799772682135782
639,0.253571549,0.7475704568356452,0.03794540274516195
640,0.253968375,0.747366941255775,0.03795262632624324
641,0.254365201,0.7471777209789935,0.03796921797121056
642,0.254762026,0.7469590191037571,0.037969665294678094
643,0.255158852,0.7467378078783795,0.037958407019967166
644,0.255555677,0.7465372335305686,0.03796076271488646
645,0.255952503,0.7463180187322251,0.03796833675477338
646,0.256349329,0.7461147585393831,0.03795663798387036
647,0.256746154,0.7459370526016601,0.03795421136444669
648,0.25714298,0.7457383939625993,0.037970238734659496
649,0.257539805,0.7455673000715008,0.03798513883521291
650,0.257936631,0.7454462732220274,0.03797724577798702
651,0.258333457,0.7452173400742647,0.037969473526844204
652,0.258730282,0.7451088813530524,0.03796749199362655
653,0.259127108,0.7448779732756028,0.037982827873080084
654,0.259523933,0.7447150097666155,0.03798670968194651
655,0.259920759,0.7445761273496568,0.037998419539901726
656,0.260317584,0.7443684757131245,0.03797574252075868
657,0.26071441,0.7442179297012478,0.03797125919950336
658,0.261111236,0.7440873148929591,0.03797768655717663
659,0.261508061,0.7438947310081208,0.03795987050863837
660,0.261904887,0.7437708071586255,0.03799806306782199
661,0.262301712,0.743593589323361,0.037963394337630255
662,0.262698538,0.7434450724062772,0.03797496616562902
663,0.263095364,0.7432613939197151,0.03796754034379692
664,0.263492189,0.7431259943906757,0.03796049945905313
665,0.263889015,0.7429750281564464,0.03796480448099738
666,0.26428584,0.7428023833668246,0.03796451169291668
667,0.264682666,0.7426165996561677,0.037969649532194734
668,0.265079491,0.7425048665434145,0.037960320235989976
669,0.265476317,0.7423643372698143,0.037983194106169064
670,0.265873143,0.7421756630013776,0.0379912032277661
671,0.266269968,0.7420218653775844,0.03797878488865694
672,0.266666794,0.7418681540856233,0.03798306477695123
673,0.267063619,0.7417291198956076,0.03798678306912672
674,0.267460445,0.7415842921958622,0.037952336935409094
675,0.267857271,0.7414268215335077,0.03796858783955557
676,0.268254096,0.7413020071250209,0.03797026002335814
677,0.268650922,0.7411190032501112,0.03795395560215727
678,0.269047747,0.7410218804903894,0.03797223030227938
679,0.269444573,0.7408208669438866,0.03796006787085149
680,0.269841399,0.7407023031557926,0.03797871718326054
681,0.270238224,0.740553816828515,0.03796644631168364
682,0.27063505,0.740463654607515,0.0379792051963052
683,0.271031875,0.7402580154102666,0.037955972635927274
684,0.271428701,0.7401369586211028,0.03796712604830913
685,0.271825526,0.7400185784383149,0.03795703237270213
686,0.272222352,0.7398864984098518,0.037965965860469
687,0.272619178,0.7397838157293505,0.037959921045362
688,0.273016003,0.7396105231523581,0.0379439170154507
689,0.273412829,0.7394680983809889,0.03796207631597903
690,0.273809654,0.7392944784226122,0.03794354706986925
691,0.27420648,0.7392443957686088,0.03792534748363451
692,0.274603306,0.7390980394432928,0.037897169938187716
693,0.275000131,0.7389626984045983,0.037920712770868
694,0.275396957,0.7388205343013574,0.03790503981690398
695,0.275793782,0.7386668636127389,0.037932647693206374
696,0.276190608,0.738573044005296,0.03794095710163384
697,0.276587433,0.738410297187825,0.03792223500840651
698,0.276984259,0.7382288014653988,0.03792992879271688
699,0.277381085,0.7381645227235447,0.037934115306098734
700,0.27777791,0.7380416772162851,0.037956614289971304
701,0.278174736,0.7378933293630404,0.03792420344895869
702,0.278571561,0.7377722414704676,0.0379222221508424
703,0.278968387,0.7376121989183461,0.03794502124471041
704,0.279365213,0.7374772240029692,0.03792004186463641
705,0.279762038,0.7373508995606117,0.037935104861926784
706,0.280158864,0.7371990237449195,0.03791539411965363
707,0.280555689,0.7370868068536641,0.0379135424314028
708,0.280952515,0.7369251146609006,0.0379396801037724
709,0.281349341,0.7367712433320993,0.037910028455309254
710,0.281746166,0.7366644588866117,0.03790482243487841
711,0.282142992,0.7364846066822541,0.03791565791734724
712,0.282539817,0.7363866248907257,0.037909209972790084
713,0.282936643,0.7362418019319973,0.037909025832156946
714,0.283333468,0.7360878320130919,0.03793515675650851
715,0.283730294,0.7359843504781851,0.037935168077409355
716,0.28412712,0.7358532755558846,0.03790850671223763
717,0.284523945,0.735745864598544,0.037925957847951
718,0.284920771,0.7355624375945787,0.03791663329428114
719,0.285317596,0.7354512110639758,0.03792423884686964
720,0.285714422,0.7353121162247196,0.037917794272735415
721,0.286111248,0.7352061140081476,0.03792548503832425
722,0.286508073,0.7350579505663742,0.037913265997098135
723,0.286904899,0.7349783876176376,0.03791355351255921
724,0.287301724,0.7348231504335423,0.03790926124053606
725,0.28769855,0.7347096421490115,0.0379017889641275
726,0.288095375,0.734555378291518,0.03791531757919334
727,0.288492201,0.734489106449953,0.037912543630832275
728,0.288889027,0.7343362558536836,0.03791068136057907
729,0.289285852,0.7342099269533302,0.037892850120215635
730,0.289682678,0.7340761673568835,0.03792233530184518
731,0.290079503,0.7339256210842748,0.03789609741162585
732,0.290476329,0.7337983841159623,0.03790322420276258
733,0.290873155,0.7337076539140793,0.037913365886450216
734,0.29126998,0.7335796541761583,0.037888245606908524
735,0.291666806,0.7334478455797655,0.03789259964964529
736,0.292063631,0.7333074069927326,0.037901904232024636
737,0.292460457,0.7332368373425192,0.037902236231243655
738,0.292857283,0.7330915640332942,0.037887228548358874
739,0.293254108,0.7329468325255215,0.0379249218393266
740,0.293650934,0.7328258514915633,0.03791412354964894
741,0.294047759,0.7327474138727208,0.03789152610017345
742,0.294444585,0.732571649476529,0.037858473114517774
743,0.29484141,0.732475234492005,0.03790039628828965
744,0.295238236,0.7323494655216173,0.037878256571880035
745,0.295635062,0.7322073318176645,0.03788229091933358
746,0.296031887,0.7321271432169257,0.037883859505124094
747,0.296428713,0.7319449904361696,0.03788501848747754
748,0.296825538,0.7318280937627356,0.03787546992676572
749,0.297222364,0.7317213400018721,0.03786300309217136
750,0.29761919,0.7315625015340846,0.037855860720653826
751,0.298016015,0.7314702768631316,0.037874684770905255
752,0.298412841,0.7313622253330406,0.037855351060376685
753,0.298809666,0.7311956718977535,0.037876158929204894
754,0.299206492,0.7310806236205929,0.03786363374600246
755,0.299603317,0.7309739572344788,0.03785124397820383
756,0.300000143,0.730822980959709,0.037856643878432066
757,0.300396969,0.730692887008355,0.037867768388950576
758,0.300793794,0.7305455197286871,0.03786615866933283
759,0.30119062,0.730478302081985,0.03785913198680436
760,0.301587445,0.7302926439435619,0.037857503645056814
761,0.301984271,0.7301889597680774,0.03784578737811212
762,0.302381097,0.7300480446664698,0.03787144355712049
763,0.302777922,0.7299046576846224,0.037867171286717266
764,0.303174748,0.7298153950794141,0.03787432386351772
765,0.303571573,0.7296293646117982,0.03785685363704765
766,0.303968399,0.7294949582598241,0.037876460103357795
767,0.304365224,0.7293247225819462,0.03787341491219202
768,0.30476205,0.72921424495138,0.037880388105582266
769,0.305158876,0.7290672675647606,0.03786948658619972
770,0.305555701,0.7289096563163912,0.03787287757573894
771,0.305952527,0.7288077818578389,0.037889398554945435
772,0.306349352,0.7286765983759166,0.03788481011080617
773,0.306746178,0.7285809024487464,0.03790480638151714
774,0.307143004,0.7284569160313713,0.0378838113972194
775,0.307539829,0.7282922378178858,0.03788033981500304
776,0.307936655,0.7281430932182645,0.03788965995880139
777,0.30833348,0.7280527621802619,0.03788807177378205
778,0.308730306,0.7279031451136689,0.03788590197726174
779,0.309127132,0.7278010664766573,0.03790322079382529
780,0.309523957,0.7276401994813289,0.03790661663183811
781,0.309920783,0.7275304487010358,0.03789837154199721
782,0.310317608,0.7274161733548541,0.03788921659329827
783,0.310714434,0.7272698155406259,0.037900667595018284
784,0.311111259,0.7271546532073552,0.03792459257750708
785,0.311508085,0.7270583846497839,0.037944189060713604
786,0.311904911,0.7269209023697405,0.037920177331457194
787,0.312301736,0.7268439754007293,0.0379320231545316
788,0.312698562,0.7267244427617291,0.03793041507821238
789,0.313095387,0.7266098932440501,0.03793079423313331
790,0.313492213,0.7264988205823476,0.037941408168480066
791,0.313889039,0.7263842061005573,0.037938724967656004
792,0.314285864,0.7263150094432733,0.037956072277835984
793,0.31468269,0.7261980389835161,0.037942463407526904
794,0.315079515,0.7261253318649455,0.0379586842224313
795,0.315476341,0.7259986005808811,0.037963331827928735
796,0.315873166,0.7259044598086232,0.037957552985590455
797,0.316269992,0.7258232640499427,0.037960062327932545
798,0.316666818,0.7257602964236457,0.03794475987999734
799,0.317063643,0.7256962048123079,0.03795588836047708
800,0.317460469,0.7255857276101001,0.037962472435858395
801,0.317857294,0.7255135496800155,0.037968134362575484
802,0.31825412,0.7254196726543737,0.037947119655157034
803,0.318650946,0.7253573249839189,0.03796457906163064
804,0.319047771,0.7253093882310073,0.037978111017198106
805,0.319444597,0.7252015060397133,0.037971492177884154
806,0.319841422,0.7251622198690169,0.03796834273511836
807,0.320238248,0.7250790630636179,0.037999753973847694
808,0.320635074,0.7250444003967665,0.03798440591530368
809,0.321031899,0.7249738335296555,0.03795985482352096
810,0.321428725,0.7249576505918633,0.03801442597260989
811,0.32182555,0.7248735351102014,0.038018358202509074
812,0.322222376,0.7247673697939189,0.0379954855996757
813,0.322619201,0.7247417726413387,0.03799626634646721
814,0.323016027,0.7246800922470173,0.03801602696544927
815,0.323412853,0.7246606992028186,0.03800568232319403
816,0.323809678,0.7245628745284063,0.038020058318498536
817,0.324206504,0.7245524456162457,0.038030640255167836
818,0.324603329,0.7244673187602974,0.0380089163924388
819,0.325000155,0.7244155128566641,0.038010868162054776
820,0.325396981,0.7243881388309142,0.03801860879669856
821,0.325793806,0.724361561706939,0.03801394605429498
822,0.326190632,0.7243264753919222,0.03800634751927714
823,0.326587457,0.7242434803595006,0.038015259413925584
824,0.326984283,0.7241977655752752,0.038030393259955504
825,0.327381108,0.7241823953093076,0.03800611847654255
826,0.327777934,0.724121496952648,0.03802778352665759
827,0.32817476,0.7241039516416122,0.03803376093664578
828,0.328571585,0.7240225480996408,0.038031891266537596
829,0.328968411,0.7240232355404803,0.038049607987784964
830,0.329365236,0.7239842769027959,0.038033954422444574
831,0.329762062,0.723976806574761,0.038028946947918474
832,0.330158888,0.7239505782557002,0.038055514799598525
833,0.330555713,0.7239193090785621,0.03803056495294934
834,0.330952539,0.7238667113659805,0.03806802755305324
835,0.331349364,0.7238522980541536,0.03804694808012153
836,0.33174619,0.7238261467960198,0.0380458795158899
837,0.332143016,0.7237815859411683,0.03804928567097236
838,0.332539841,0.7237445362253769,0.03806218481124972
839,0.332936667,0.723716678437312,0.0380450231646152
840,0.333333492,0.723695655849196,0.03804279158678329
841,0.333730318,0.7236844639270144,0.0380616946480148
842,0.334127143,0.7237067827476292,0.03805344819757227
843,0.334523969,0.723651329422548,0.03805320303694407
844,0.334920795,0.7236241414517733,0.03805203001760698
845,0.33531762,0.7235862861492168,0.038047384548433004
846,0.335714446,0.7235545629466358,0.03803160614385591
847,0.336111271,0.7235742108345709,0.03805218447932462
848,0.336508097,0.7235472188606222,0.03807084169570777
849,0.336904923,0.7235215926503191,0.03803004792846899
850,0.337301748,0.7234995648906636,0.038031828569829326
851,0.337698574,0.7234792159500033,0.03804901612301074
852,0.338095399,0.7234482282292413,0.03804441056630986
853,0.338492225,0.7234125406470389,0.03804461603594364
854,0.33888905,0.7233882766577694,0.03806037340334776
855,0.339285876,0.723380130295371,0.038065644186188574
856,0.339682702,0.7233364103153006,0.03803377672162163
857,0.340079527,0.7233390567338991,0.038045100030251765
858,0.340476353,0.7232914090790377,0.03807595650603997
859,0.340873178,0.723252282567668,0.03807486620394465
860,0.341270004,0.723244889392288,0.03805046824488411
861,0.34166683,0.72319334339614,0.0380469629509331
862,0.342063655,0.7231499990897411,0.038053074570329866
863,0.342460481,0.7230840672616072,0.03806844344549828
864,0.342857306,0.72306114615022,0.03809436389243519
865,0.343254132,0.7230366303961543,0.03805251864565298
866,0.343650958,0.7229906244439245,0.03807156869230673
867,0.344047783,0.7229571571998197,0.038070752976516166
868,0.344444609,0.722920638347379,0.03807004515456567
869,0.344841434,0.7228736091064664,0.03808839928231616
870,0.34523826,0.7228136407756574,0.038094927583033025
871,0.345635085,0.7228098424755648,0.03808541935098423
872,0.346031911,0.722713093631773,0.03808569462483584
873,0.346428737,0.7226890370260266,0.038089056885924524
874,0.346825562,0.7226776392648488,0.038092630754263904
875,0.347222388,0.722665232538069,0.03809645124926936
876,0.347619213,0.7225976533998213,0.038084988870752616
877,0.348016039,0.722552642121024,0.03808705964589138
878,0.348412865,0.7224499435050886,0.038092088233998234
879,0.34880969,0.722437493850024,0.03810319237424235
880,0.349206516,0.7223730667857332,0.03810615416589387
881,0.349603341,0.7223186902814714,0.03808696312303326
882,0.350000167,0.7222448384653128,0.03809306218965479
883,0.350396992,0.7221396171085585,0.03810124909208364
884,0.350793818,0.7221263559436423,0.03810240925828682
885,0.351190644,0.7220544093938853,0.03811554860547335
886,0.351587469,0.7219942851496048,0.038102436404743235
887,0.351984295,0.7219311036539855,0.03810373195435796
888,0.35238112,0.7218570916583732,0.03810328699073786
889,0.352777946,0.721828760586854,0.0381086462042236
890,0.353174772,0.7217939209659685,0.038098184191836165
891,0.353571597,0.721687561985893,0.038101988443606336
892,0.353968423,0.7216054072755126,0.03810834214171918
893,0.354365248,0.7215830427657491,0.038102128379115814
894,0.354762074,0.7214955228380066,0.038112062608181944
895,0.3551589,0.7214615039119427,0.03811784755151586
896,0.355555725,0.721386206784201,0.038132648789251114
897,0.355952551,0.7213639404793425,0.03812318914368759
898,0.356349376,0.7213226467374072,0.038116249711167734
899,0.356746202,0.7212819567623073,0.038139005605648035
900,0.357143027,0.7212869396266637,0.03812680595510337
901,0.357539853,0.7212477237657001,0.03813931080241531
902,0.357936679,0.721173570457168,0.03814449039525207
903,0.358333504,0.7211193184175586,0.03812969159191499
904,0.35873033,0.721137116820175,0.038167483856944934
905,0.359127155,0.7210964766839827,0.03814170362186156
906,0.359523981,0.7210129458382174,0.038147960187023336
907,0.359920807,0.7210157889282023,0.038148984164147866
908,0.360317632,0.7209906669568734,0.0381391077987124
909,0.360714458,0.7209341163459616,0.03814864002703729
910,0.361111283,0.7209027262197008,0.03815947232578644
911,0.361508109,0.7208536009579914,0.03816165958515154
912,0.361904934,0.7208716344574615,0.0381758108837079
913,0.36230176,0.7208738459156345,0.03819078846960414
914,0.362698586,0.7207839587937623,0.038194586926964556
915,0.363095411,0.7207426664051051,0.038195754120412526
916,0.363492237,0.7207339037148041,0.038189115339048715
917,0.363889062,0.7207085458781642,0.03819367143913204
918,0.364285888,0.7206997228671047,0.038209307326195284
919,0.364682714,0.7206525259476054,0.03820384626531506
920,0.365079539,0.720635593139325,0.038214894144322394
921,0.365476365,0.7205949451261144,0.03822740765525906
922,0.36587319,0.7205602052665963,0.03822578830212918
923,0.366270016,0.7205482177628658,0.038244811983699806
924,0.366666842,0.7204931478965587,0.03823566131367091
925,0.367063667,0.7204727957325906,0.03824125132454682
926,0.367460493,0.7204432927312472,0.03823071887091379
927,0.367857318,0.7204580027726187,0.03824579702230506
928,0.368254144,0.7203972573046226,0.03825126146394762
929,0.368650969,0.720357403730762,0.038253068199874125
930,0.369047795,0.7203185449548697,0.03826886103100488
931,0.369444621,0.7202852554784017,0.038235240314016164
932,0.369841446,0.7202635872726165,0.03827074178624295
933,0.370238272,0.7202729097542921,0.03827762693272927
934,0.370635097,0.720282147154627,0.03826590059557697
935,0.371031923,0.7202316380924704,0.03829555745687394
936,0.371428749,0.7202277189461246,0.03825654602843265
937,0.371825574,0.7202076155832513,0.03829021110157522
938,0.3722224,0.7202240473371118,0.03829232678803253
939,0.372619225,0.7201910030817767,0.03827434607660992
940,0.373016051,0.7201672762859052,0.03829663961758534
941,0.373412876,0.7201947756326768,0.03829026372811716
942,0.373809702,0.7201380405474169,0.038321997854883216
943,0.374206528,0.7202217728649621,0.03831712485943748
944,0.374603353,0.720204357367414,0.038317640449094206
945,0.375000179,0.720144475126952,0.03830349887969067
946,0.375397004,0.7201449804487027,0.0383227599388446
947,0.37579383,0.7202151941219351,0.03835160153737018
948,0.376190656,0.7202036816132703,0.03831897449838751
949,0.376587481,0.7201945907044185,0.03833786336734663
950,0.376984307,0.7201984972946888,0.03833578837224755
951,0.377381132,0.7201917517227254,0.03834923366875176
952,0.377777958,0.7202000668934565,0.03834727940629117
953,0.378174784,0.7202214127601926,0.03834162187251019
954,0.378571609,0.720215687922516,0.03836474532502978
955,0.378968435,0.7202218772245352,0.03834272643098207
956,0.37936526,0.7202593839965421,0.03836640511065802
957,0.379762086,0.7202656396645395,0.03835010096537271
958,0.380158911,0.720269071134535,0.038392265428718125
959,0.380555737,0.7203242492571632,0.038396012031547994
960,0.380952563,0.7203353706573845,0.03835979265706234
961,0.381349388,0.720336871184068,0.0383745024387542
962,0.381746214,0.7203844818761255,0.03838995643567508
963,0.382143039,0.720336720855423,0.038382387954574215
964,0.382539865,0.7204099795817508,0.0383736112854101
965,0.382936691,0.7204372557925145,0.03839492704946322
966,0.383333516,0.7204605334471468,0.03840434601743812
967,0.383730342,0.7204361464473353,0.03837060479471953
968,0.384127167,0.7204680191906703,0.03837723594526191
969,0.384523993,0.7204923278141694,0.03835668969846992
970,0.384920818,0.7205014178879299,0.03835532173450853
971,0.385317644,0.7205010520119333,0.038385613337458546
972,0.38571447,0.7205394017854978,0.038379204624206416
973,0.386111295,0.7206019865734596,0.03836725720862731
974,0.386508121,0.7206000602247036,0.03835721657504848
975,0.386904946,0.7205838741634119,0.03837044976439633
976,0.387301772,0.7206251791284949,0.0383694389118129
977,0.387698598,0.7206277938764063,0.038369227471782535
978,0.388095423,0.720658295297675,0.03836018064832838
979,0.388492249,0.720636382148881,0.03839117115735111
980,0.388889074,0.7206787963507256,0.03839481998153944
981,0.3892859,0.7207164004546873,0.03835744206022909
982,0.389682725,0.7207485029340491,0.03836624295343008
983,0.390079551,0.7207487119413871,0.03834697440121244
984,0.390476377,0.7207477802525819,0.0383583408914091
985,0.390873202,0.7208435928448422,0.03837426854610604
986,0.391270028,0.7208521855424223,0.03835507857159962
987,0.391666853,0.7208652679328447,0.0383368391562676
988,0.392063679,0.720867919720152,0.038364333214891244
989,0.392460505,0.7209213093532153,0.038360893984697185
990,0.39285733,0.7209259890098342,0.038359136110285644
991,0.393254156,0.720939856461777,0.038344608592687755
992,0.393650981,0.7209878036221056,0.03834091751672701
993,0.394047807,0.7210002497910171,0.038348248629109113
994,0.394444633,0.7210508333697736,0.03834535535969794
995,0.394841458,0.7210397956438221,0.03832381120096745
996,0.395238284,0.7210554794351313,0.03833488556434751
997,0.395635109,0.7211173567627436,0.03836105782979958
998,0.396031935,0.721102997766225,0.03836061286171736
999,0.39642876,0.7211201073399618,0.03832397115372975
1000,0.396825586,0.7211757213655581,0.0383529673004516
1001,0.397222412,0.7212095660910197,0.03835498080645351
1002,0.397619237,0.7212568437641314,0.03835652182866984
1003,0.398016063,0.7212402086448304,0.038363601072445803
1004,0.398412888,0.7213176689246601,0.03833769293702691
1005,0.398809714,0.7213439722167724,0.03836727062212644
1006,0.39920654,0.7213725435449092,0.03836644608129113
1007,0.399603365,0.7213991676593456,0.03837886058928757
1008,0.400000191,0.7213810366447514,0.03837614300108106
1009,0.400397016,0.7214257797281771,0.038353080648864966
1010,0.400793842,0.7214654592610271,0.03835718095359746
1011,0.401190667,0.7214784048178664,0.038363634978424134
1012,0.401587493,0.7214625168111061,0.038366201262506006
1013,0.401984319,0.7214715183438328,0.03839433243760558
1014,0.402381144,0.72145718402364,0.03839444926126004
1015,0.40277797,0.721493292403686,0.03839053221681466
1016,0.403174795,0.7214855299414,0.03838593014071421
1017,0.403571621,0.7214993302392184,0.03840358013462215
1018,0.403968447,0.7214674146664872,0.03839782622234497
1019,0.404365272,0.7213978127601791,0.03838148560019024
1020,0.404762098,0.7214569334870459,0.03841230426217707
1021,0.405158923,0.72145257871175,0.038388969900852395
1022,0.405555749,0.7214230080468585,0.03840195643431269
1023,0.405952575,0.7214160167911755,0.03841720012870387
1024,0.4063494,0.7213826522726912,0.03840662724435415
1025,0.406746226,0.7213806721033802,0.03838775001849674
1026,0.407143051,0.7213381340158914,0.03842732116770649
1027,0.407539877,0.721303725285647,0.03840676092606634
1028,0.407936702,0.7213304766523957,0.038418633568438894
1029,0.408333528,0.7212737991803486,0.03840744235718308
1030,0.408730354,0.7212278925337712,0.03841000797660471
1031,0.409127179,0.7212513260870842,0.03842161959293942
1032,0.409524005,0.7212411388134292,0.038432165695802614
1033,0.40992083,0.7212137666094196,0.038420180541940484
1034,0.410317656,0.721182082020436,0.03842048169968709
1035,0.410714482,0.7211447700202733,0.03842980531860872
1036,0.411111307,0.7211291094943522,0.038421144667381224
1037,0.411508133,0.7211336692851599,0.03843855193771637
1038,0.411904958,0.7210656438761327,0.03842398086738131
1039,0.412301784,0.7210890482916898,0.03845637603251771
1040,0.412698609,0.7210794627994126,0.03842200061662378
1041,0.413095435,0.7210707170596773,0.0384475906612355
1042,0.413492261,0.7210311373841438,0.03844410583012969
1043,0.413889086,0.7210743482718847,0.03844913667698777
1044,0.414285912,0.72108720098109,0.03844819853965542
1045,0.414682737,0.7210453437578855,0.03845497409682676
1046,0.415079563,0.7210653881937823,0.038458482396958586
1047,0.415476389,0.7210715772124594,0.03846238830763903
1048,0.415873214,0.7210702967189302,0.03847377118496739
1049,0.41627004,0.721117695614326,0.03847332286379708
1050,0.416666865,0.7210266369455987,0.03848207031323936
1051,0.417063691,0.7210666227437716,0.038488036687259065
1052,0.417460517,0.7210534347621326,0.03845346141881511
1053,0.417857342,0.7210492107094832,0.038466214654118265
1054,0.418254168,0.7210454643291253,0.038482091125072955
1055,0.418650993,0.721032135828161,0.0384955143875626
1056,0.419047819,0.7209946752534123,0.0384831381406799
1057,0.419444644,0.7210094750471183,0.03850647619914208
1058,0.41984147,0.7209891601255582,0.0384944167809316
1059,0.420238296,0.7209813235302394,0.03850415560083221
1060,0.420635121,0.7209715471916792,0.03849672981642029
1061,0.421031947,0.7210184015164128,0.038483621902728485
1062,0.421428772,0.7210241419831577,0.038502623405166046
1063,0.421825598,0.7210180635508697,0.038490267465591234
1064,0.422222424,0.7210070912517785,0.0384958747054196
1065,0.422619249,0.7210065192523382,0.03850435009677552
1066,0.423016075,0.720991423771037,0.038510203188905884
1067,0.4234129,0.7210010543085731,0.038487580781333394
1068,0.423809726,0.7210126605130615,0.03850582401054129
1069,0.424206551,0.7210403441525347,0.03847462560976088
1070,0.424603377,0.7210446470750009,0.03848363511025636
1071,0.425000203,0.7210457442991164,0.038511531026466296
1072,0.425397028,0.7210946629519662,0.038480580209219864
1073,0.425793854,0.7210721264703641,0.0384925041603074
1074,0.426190679,0.7210767786544232,0.03849729093417844
1075,0.426587505,0.7211037341624215,0.03848697758370541
1076,0.426984331,0.7211210962107607,0.03850610291282791
1077,0.427381156,0.7211522076973634,0.03849903919494454
1078,0.427777982,0.7211481374791819,0.03848632339507227
1079,0.428174807,0.7211893919879656,0.038493138743143064
1080,0.428571633,0.7212300688430024,0.038508527494696375
1081,0.428968459,0.7212614627012426,0.038492130611285855
1082,0.429365284,0.7212849296573878,0.03849726764195347
1083,0.42976211,0.7213384901175279,0.038498801256863134
1084,0.430158935,0.7214081793337688,0.03847558789218
1085,0.430555761,0.7214459127464946,0.03846469684100532
1086,0.430952586,0.7215045340994821,0.03848088935911877
1087,0.431349412,0.7215302026161464,0.038505474729503636
1088,0.431746238,0.7216456597196375,0.038495778529868255
1089,0.432143063,0.7216350901676701,0.03848090420406273
1090,0.432539889,0.7216657929648848,0.03848834584187467
1091,0.432936714,0.7217392096619842,0.0384844158352464
1092,0.43333354,0.7217836747022099,0.03850371598982706
1093,0.433730366,0.721849282419679,0.038487978132157735
1094,0.434127191,0.721926466263165,0.03849199673914111
1095,0.434524017,0.7219706186511645,0.03847537454861097
1096,0.434920842,0.722055868845515,0.03849788841031091
1097,0.435317668,0.7220838271199016,0.03851702567727457
1098,0.435714493,0.7221579875849212,0.038504774237929314
1099,0.436111319,0.7222191015640268,0.03849101471863544
1100,0.436508145,0.7223119269861201,0.038493587039758706
1101,0.43690497,0.7223654795997007,0.038518107260938905
1102,0.437301796,0.7224229723417056,0.0385219217029771
1103,0.437698621,0.7224651625662261,0.03851621704269302
1104,0.438095447,0.7225377276211866,0.03852335012941395
1105,0.438492273,0.7226673352916301,0.038508653900708185
1106,0.438889098,0.7226935781514846,0.03851073918824932
1107,0.439285924,0.7228068912909071,0.03851979416207338
1108,0.439682749,0.7228615682989438,0.03853054696071391
1109,0.440079575,0.7229329863835133,0.038512547827092944
1110,0.440476401,0.7230263171397772,0.03854142444885326
1111,0.440873226,0.7231445808706745,0.0385099394796776
1112,0.441270052,0.7232391191177572,0.038527899408467584
1113,0.441666877,0.7232841088226977,0.03851311615462733
1114,0.442063703,0.7233216538501916,0.038530366841775465
1115,0.442460528,0.7234555443567147,0.038528361410755656
1116,0.442857354,0.7235350992763081,0.03854134471058379
1117,0.44325418,0.7235883671573916,0.038517397705336624
1118,0.443651005,0.7237134653413348,0.0385243032225978
1119,0.444047831,0.7237714242535846,0.038511040770834955
1120,0.444444656,0.7238131854870898,0.038546636255534464
1121,0.444841482,0.7239246613336894,0.03849998522624885
1122,0.445238308,0.723965596154677,0.03853314345446007
1123,0.445635133,0.7240378320441606,0.03852156276344897
1124,0.446031959,0.7241093681281393,0.038527894017066036
1125,0.446428784,0.7241538798648111,0.03850858880146372
1126,0.44682561,0.7242111851724266,0.038518244232014984
1127,0.447222435,0.7242710086714667,0.03852420465587294
1128,0.447619261,0.7243107403885335,0.03852166358495961
1129,0.448016087,0.7243874401390823,0.03853149833057854
1130,0.448412912,0.7244807111844332,0.03852634600415088
1131,0.448809738,0.7244991788275444,0.038508750156834116
1132,0.449206563,0.7245171912795579,0.03851827530516596
1133,0.449603389,0.7245483721368916,0.03851194515937692
1134,0.450000215,0.724612951097195,0.038513336577955165
1135,0.45039704,0.724652658387786,0.03850721584723126
1136,0.450793866,0.7246528363117201,0.03850058913513733
1137,0.451190691,0.7246918133403188,0.03852062607534462
1138,0.451587517,0.7247376198095754,0.03853086851174308
1139,0.451984343,0.7247439311147649,0.03852042650758068
1140,0.452381168,0.7247909587256488,0.03852252648318412
1141,0.452777994,0.7247915548682993,0.03851608612667761
1142,0.453174819,0.7248155162270206,0.038521378302931765
1143,0.453571645,0.7248272008022707,0.03850990267379132
1144,0.45396847,0.7248605416717597,0.03853017126776196
1145,0.454365296,0.7248921412495638,0.03851116595630596
1146,0.454762122,0.7249227603426868,0.038517159424837605
1147,0.455158947,0.724936931410507,0.038517651069664025
1148,0.455555773,0.7249410642465768,0.03854133802285836
1149,0.455952598,0.7249710386472638,0.0385406744634256
1150,0.456349424,0.7249747376183507,0.03854761890302973
1151,0.45674625,0.724967235945345,0.03854601806679788
1152,0.457143075,0.725012768185796,0.03856423674229079
1153,0.457539901,0.7250256545737322,0.038545806520575605
1154,0.457936726,0.724987301205244,0.038560736693669634
1155,0.458333552,0.7250554191415417,0.0385820247240814
1156,0.458730377,0.7250279196623161,0.03858935240377022
1157,0.459127203,0.7251055006796433,0.03860032074311945
1158,0.459524029,0.7250643726750627,0.03857392643798761
1159,0.459920854,0.7251032435849875,0.038586776110779514
1160,0.46031768,0.7250871280330273,0.03861134732968917
1161,0.460714505,0.7250840679430558,0.03860677105728265
1162,0.461111331,0.7251322100581729,0.038612591009271606
1163,0.461508157,0.7251451685072607,0.038634789353107504
1164,0.461904982,0.7251434154141326,0.03863388877157486
1165,0.462301808,0.725160651593428,0.038638312759055944
1166,0.462698633,0.725168744929315,0.038662718227318496
1167,0.463095459,0.7251983824744009,0.038658894441739096
1168,0.463492285,0.7252404738147034,0.03866571054911282
1169,0.46388911,0.7252291519147143,0.03868697438074782
1170,0.464285936,0.7252666406862799,0.03869214874092337
1171,0.464682761,0.7252563613230969,0.03868087678070277
1172,0.465079587,0.725317446826294,0.03868986916943132
1173,0.465476412,0.7252974489651448,0.03868420466726468
1174,0.465873238,0.7253565225480112,0.03868509255395036
1175,0.466270064,0.7253756567792699,0.038727561101762224
1176,0.466666889,0.7253800945238185,0.03870874283203343
1177,0.467063715,0.7254450021294834,0.038737920605802154
1178,0.46746054,0.7254462332577972,0.03874128918433161
1179,0.467857366,0.7254625389991691,0.03874599023591533
1180,0.468254192,0.7255099928934221,0.03873850709781859
1181,0.468651017,0.7255182331079483,0.038740738505901776
1182,0.469047843,0.725541268824978,0.038750199329865564
1183,0.469444668,0.725584687419158,0.03876383107701176
1184,0.469841494,0.7255993401289886,0.03877084131829307
1185,0.470238319,0.7256592344653158,0.03879102687308802
1186,0.470635145,0.7256636827531616,0.0387832293295521
1187,0.471031971,0.7256743768764994,0.03879427506845971
1188,0.471428796,0.7256895909068044,0.038801999261878106
1189,0.471825622,0.7257396003197601,0.038795041853570536
1190,0.472222447,0.725755338676471,0.03880950546654412
1191,0.472619273,0.7258057952332647,0.03881681742534964
1192,0.473016099,0.725834967788608,0.0388287236076097
1193,0.473412924,0.7258551422304925,0.038832574797327074
1194,0.47380975,0.7259210004695613,0.03882809707830576
1195,0.474206575,0.7259485789160584,0.03884123454348736
1196,0.474603401,0.7259893480400211,0.03884703239094764
1197,0.475000226,0.7260533137972764,0.03885312449754741
1198,0.475397052,0.7261017472644158,0.038851647320542144
1199,0.475793878,0.7261114924354273,0.03885749443194543
1200,0.476190703,0.7261753162853096,0.03885887224592184
1201,0.476587529,0.7262101252031078,0.038871023497050065
1202,0.476984354,0.726249837690794,0.038881272917770195
1203,0.47738118,0.7263025743067407,0.03887893869804052
1204,0.477778006,0.7263842134788554,0.03888437957043303
1205,0.478174831,0.7264515159759806,0.03889555666668042
1206,0.478571657,0.7264609905487619,0.038879813536363016
1207,0.478968482,0.726505192351668,0.038906336542221066
1208,0.479365308,0.7266053649501243,0.0389063613072073
1209,0.479762134,0.7266274275686464,0.03892253593134706
1210,0.480158959,0.7266810376712327,0.038928587954601405
1211,0.480555785,0.7267550854924383,0.03893699387799453
1212,0.48095261,0.7267874439270866,0.03892072761778819
1213,0.481349436,0.7268333841047318,0.03892686546398306
1214,0.481746261,0.726919967388944,0.038920459744837946
1215,0.482143087,0.7269594456463783,0.03892203875966935
1216,0.482539913,0.7270071482484093,0.03892231705974983
1217,0.482936738,0.727077218906252,0.0389517460027106
1218,0.483333564,0.7271461804009083,0.038950377250416744
1219,0.483730389,0.7271841525327117,0.03893413190312475
1220,0.484127215,0.7272567669818691,0.03893794285118124
1221,0.484524041,0.7273046773561701,0.038951602028770065
1222,0.484920866,0.7273556572906599,0.03895861996128595
1223,0.485317692,0.7274006953674566,0.03894775937401153
1224,0.485714517,0.7274929452451525,0.038928323797534296
1225,0.486111343,0.7275676856209721,0.03894499893240193
1226,0.486508168,0.727619242357504,0.03894732916193699
1227,0.486904994,0.7276237106410289,0.038953540386584565
1228,0.48730182,0.727695200510755,0.038949055768970536
1229,0.487698645,0.7277589655850192,0.03895886178080299
1230,0.488095471,0.7278084380297749,0.0389502191235072
1231,0.488492296,0.7278641887431032,0.03894662970351977
1232,0.488889122,0.7279075419324668,0.0389390307284348
1233,0.489285948,0.727971022629975,0.03896780264980054
1234,0.489682773,0.7280557735079884,0.03895098594929258
1235,0.490079599,0.7280792246481375,0.03894705327214229
1236,0.490476424,0.7281783103717882,0.03895587158257802
1237,0.49087325,0.7282032438191061,0.03894734820038141
1238,0.491270076,0.7282754643872027,0.038953807668932736
1239,0.491666901,0.7283144052108896,0.03895869532399296
1240,0.492063727,0.7283426132437978,0.038969633310840295
1241,0.492460552,0.7283808334665354,0.03894985764867283
1242,0.492857378,0.7284736182594178,0.038961155777263765
1243,0.493254203,0.7284865456107479,0.038940983400666256
1244,0.493651029,0.7285834594624253,0.038961318770302074
1245,0.494047855,0.7286258128986182,0.03893267880998024
1246,0.49444468,0.7286843119025508,0.03893890279165491
1247,0.494841506,0.7287430967606782,0.0389316107523526
1248,0.495238331,0.7287992435676913,0.03893147380840308
1249,0.495635157,0.7288572989143866,0.03892114080104777
1250,0.496031983,0.7288921782794237,0.03894550744810728
1251,0.496428808,0.7289482277864744,0.03895724616469216
1252,0.496825634,0.7289940166461142,0.038922676798554524
1253,0.497222459,0.729090487266974,0.03894615075895505
1254,0.497619285,0.7291179607732354,0.03894436099937858
1255,0.49801611,0.7291455292629122,0.03891755924987923
1256,0.498412936,0.7292241480764552,0.038906404470405595
1257,0.498809762,0.7292599467704157,0.03893037840492527
1258,0.499206587,0.7292945330664833,0.038918684212209946
1259,0.499603413,0.7293585215287733,0.03892076990825518
